{"actions":[],"apps":[{"acl":{"app":[],"field":[],"record":[]},"app":null,"category":{"categories":[],"useCategory":"false"},"form":{"layout":"[{\"id\":null,\"type\":\"ROW\",\"isSubTable\":false,\"var\":null,\"label\":null,\"controlList\":[{\"isVirtical\":true,\"styleMap\":{\"width\":193},\"type\":\"SINGLE_LINE_TEXT\",\"var\":\"user\",\"label\":\"用户名\"}]},{\"id\":null,\"type\":\"ROW\",\"isSubTable\":false,\"var\":null,\"label\":null,\"controlList\":[{\"isVirtical\":true,\"styleMap\":{\"width\":1010},\"type\":\"SINGLE_CHECK\",\"var\":\"a_1\",\"label\":\"①   触发事件\",\"align\":\"horizontal\"}]},{\"id\":null,\"type\":\"ROW\",\"isSubTable\":false,\"var\":null,\"label\":null,\"controlList\":[{\"isVirtical\":true,\"styleMap\":{\"width\":1010},\"type\":\"SINGLE_CHECK\",\"var\":\"a_2\",\"label\":\"②  判断是否为批准动作\",\"align\":\"horizontal\"}]},{\"id\":null,\"type\":\"ROW\",\"isSubTable\":false,\"var\":null,\"label\":null,\"controlList\":[{\"isVirtical\":true,\"styleMap\":{\"width\":1010},\"type\":\"SINGLE_CHECK\",\"var\":\"a_3\",\"label\":\"③ 申请年假的用户id\",\"align\":\"horizontal\"}]},{\"id\":null,\"type\":\"ROW\",\"isSubTable\":false,\"var\":null,\"label\":null,\"controlList\":[{\"isVirtical\":true,\"styleMap\":{\"width\":1010},\"type\":\"SINGLE_CHECK\",\"var\":\"a_4\",\"label\":\"④ 获取年假申请天数，并且转换成数字\",\"align\":\"horizontal\"}]},{\"id\":null,\"type\":\"ROW\",\"isSubTable\":false,\"var\":null,\"label\":null,\"controlList\":[{\"isVirtical\":true,\"styleMap\":{\"width\":1010},\"type\":\"SINGLE_CHECK\",\"var\":\"a_5\",\"label\":\"⑤ 设置查询年假管理应用的条件\",\"align\":\"horizontal\"}]},{\"id\":null,\"type\":\"ROW\",\"isSubTable\":false,\"var\":null,\"label\":null,\"controlList\":[{\"isVirtical\":true,\"styleMap\":{\"width\":1010},\"type\":\"SINGLE_CHECK\",\"var\":\"a_6\",\"label\":\"⑥ 获取该用户的剩余年假信息\",\"align\":\"horizontal\"}]},{\"id\":null,\"type\":\"ROW\",\"isSubTable\":false,\"var\":null,\"label\":null,\"controlList\":[{\"isVirtical\":true,\"styleMap\":{\"width\":1010},\"type\":\"SINGLE_CHECK\",\"var\":\"a_7\",\"label\":\"⑦ 如果没有记录，则给出提示。\",\"align\":\"horizontal\"}]},{\"id\":null,\"type\":\"ROW\",\"isSubTable\":false,\"var\":null,\"label\":null,\"controlList\":[{\"isVirtical\":true,\"styleMap\":{\"width\":1103},\"type\":\"SINGLE_CHECK\",\"var\":\"a_8\",\"label\":\"⑧ 如果剩余年假小于申请的年假数，则提示年假不足\",\"align\":\"horizontal\"}]},{\"id\":null,\"type\":\"ROW\",\"isSubTable\":false,\"var\":null,\"label\":null,\"controlList\":[{\"isVirtical\":true,\"styleMap\":{\"width\":1103},\"type\":\"SINGLE_CHECK\",\"var\":\"a_9\",\"label\":\"⑨ 计算新的剩余年假\",\"align\":\"horizontal\"}]},{\"id\":null,\"type\":\"ROW\",\"isSubTable\":false,\"var\":null,\"label\":null,\"controlList\":[{\"isVirtical\":true,\"styleMap\":{\"width\":1103},\"type\":\"SINGLE_CHECK\",\"var\":\"a_10\",\"label\":\"⑩ 通过记录id来更新年假管理应用\",\"align\":\"horizontal\"}]}]","revision":null},"iconMeta":null,"info":{"automaticallyChooseTitleComponent":"true","code":null,"decimalPrecision":"16","decimalScale":"4","description":"\u003Cdiv\u003E\u003Cbr /\u003E\u003C/div\u003E","enableBulkDeletion":"false","enableRecordReuse":"true","fiscalYearStartMonth":"4","iconKey":"APP39","iconType":"PRESET","jsFiles":null,"jsScope":"ALL","name":"2022-11-18（开发挑战）选择题","roundingMode":"HALF_EVEN","theme":"PLAIN","titleComponentLocalId":null,"useComment":"true","useHistory":"true","useThumbnail":"true"},"jsFiles":[{"jsFileMetas":[{"internalName":null,"locationType":"BLOB","mime":"text/javascript","name":"score.js","url":null}],"jsType":"DESKTOP"}],"notification":{"appNotifications":[{"events":["RECORD_COMMENT_ADDED"],"target":{"entityId":"6293520","entityType":"FIELD_ENTITY","includeSubs":"false"}},{"events":["RECORD_COMMENT_ADDED"],"target":{"entityId":"6293521","entityType":"FIELD_ENTITY","includeSubs":"false"}}],"recordNotifications":[],"reminderTimezone":null,"reminders":[],"useComment":"true","useReminder":"false"},"plugins":[],"reports":[],"resource":{"tables":[{"rows":[{"fields":[],"objectId":"0","subObjectId":"-1"}],"type":"AppName"},{"rows":[{"fields":[],"objectId":"0","subObjectId":"-1"}],"type":"AppDescription"},{"rows":[{"fields":[],"objectId":"6293519","subObjectId":"-1"},{"fields":[],"objectId":"6293520","subObjectId":"-1"},{"fields":[],"objectId":"6293521","subObjectId":"-1"},{"fields":[],"objectId":"6293522","subObjectId":"-1"},{"fields":[],"objectId":"6293523","subObjectId":"-1"},{"fields":[],"objectId":"6293524","subObjectId":"-1"},{"fields":[],"objectId":"6293525","subObjectId":"-1"},{"fields":[],"objectId":"6293526","subObjectId":"-1"},{"fields":[],"objectId":"6293573","subObjectId":"-1"},{"fields":[],"objectId":"6293573","subObjectId":"6293528"},{"fields":[],"objectId":"6293573","subObjectId":"6293527"},{"fields":[],"objectId":"6293573","subObjectId":"6293529"},{"fields":[],"objectId":"6293573","subObjectId":"6293530"},{"fields":[],"objectId":"6293574","subObjectId":"-1"},{"fields":[],"objectId":"6293574","subObjectId":"6293533"},{"fields":[],"objectId":"6293574","subObjectId":"6293531"},{"fields":[],"objectId":"6293574","subObjectId":"6293532"},{"fields":[],"objectId":"6293574","subObjectId":"6293534"},{"fields":[],"objectId":"6293575","subObjectId":"-1"},{"fields":[],"objectId":"6293575","subObjectId":"6293535"},{"fields":[],"objectId":"6293575","subObjectId":"6293536"},{"fields":[],"objectId":"6293575","subObjectId":"6293537"},{"fields":[],"objectId":"6293575","subObjectId":"6293538"},{"fields":[],"objectId":"6293576","subObjectId":"-1"},{"fields":[],"objectId":"6293576","subObjectId":"6293541"},{"fields":[],"objectId":"6293576","subObjectId":"6293539"},{"fields":[],"objectId":"6293576","subObjectId":"6293540"},{"fields":[],"objectId":"6293576","subObjectId":"6293542"},{"fields":[],"objectId":"6293577","subObjectId":"-1"},{"fields":[],"objectId":"6293577","subObjectId":"6293544"},{"fields":[],"objectId":"6293577","subObjectId":"6293543"},{"fields":[],"objectId":"6293577","subObjectId":"6293545"},{"fields":[],"objectId":"6293577","subObjectId":"6293546"},{"fields":[],"objectId":"6293578","subObjectId":"-1"},{"fields":[],"objectId":"6293578","subObjectId":"6293549"},{"fields":[],"objectId":"6293578","subObjectId":"6293547"},{"fields":[],"objectId":"6293578","subObjectId":"6293550"},{"fields":[],"objectId":"6293578","subObjectId":"6293548"},{"fields":[],"objectId":"6293580","subObjectId":"-1"},{"fields":[],"objectId":"6293580","subObjectId":"6293556"},{"fields":[],"objectId":"6293580","subObjectId":"6293557"},{"fields":[],"objectId":"6293580","subObjectId":"6293558"},{"fields":[],"objectId":"6293580","subObjectId":"6293559"},{"fields":[],"objectId":"6293581","subObjectId":"-1"},{"fields":[],"objectId":"6293581","subObjectId":"6293561"},{"fields":[],"objectId":"6293581","subObjectId":"6293560"},{"fields":[],"objectId":"6293581","subObjectId":"6293562"},{"fields":[],"objectId":"6293581","subObjectId":"6293563"},{"fields":[],"objectId":"6293589","subObjectId":"-1"},{"fields":[],"objectId":"6293589","subObjectId":"6293584"},{"fields":[],"objectId":"6293589","subObjectId":"6293587"},{"fields":[],"objectId":"6293589","subObjectId":"6293588"},{"fields":[],"objectId":"6293589","subObjectId":"6293583"},{"fields":[],"objectId":"6293593","subObjectId":"-1"},{"fields":[],"objectId":"6293637","subObjectId":"-1"},{"fields":[],"objectId":"6293637","subObjectId":"6293632"},{"fields":[],"objectId":"6293637","subObjectId":"6293633"},{"fields":[],"objectId":"6293637","subObjectId":"6293634"},{"fields":[],"objectId":"6293637","subObjectId":"6293635"}],"type":"FieldLabel"},{"rows":[{"fields":[],"objectId":"20","subObjectId":"-1"}],"type":"ViewName"}]},"schema":{"groups":[],"revision":null,"subTable":{},"table":{"fieldList":{"6293519":{"id":"6293519","label":"记录编号","properties":{"noLabel":"false","required":"true"},"type":"RECORD_ID","var":"记录编号"},"6293520":{"id":"6293520","label":"更新人","properties":{"noLabel":"false","required":"true"},"type":"MODIFIER","var":"更新人"},"6293521":{"id":"6293521","label":"创建人","properties":{"noLabel":"false","required":"true"},"type":"CREATOR","var":"创建人"},"6293522":{"id":"6293522","label":"更新时间","properties":{"noLabel":"false","required":"true"},"type":"MODIFIED_AT","var":"更新时间"},"6293523":{"id":"6293523","label":"创建时间","properties":{"noLabel":"false","required":"true"},"type":"CREATED_AT","var":"创建时间"},"6293524":{"id":"6293524","label":"状态","properties":{"noLabel":"false","required":"false"},"type":"STATUS","var":"状态"},"6293525":{"id":"6293525","label":"执行者","properties":{"noLabel":"false","required":"false"},"type":"STATUS_ASSIGNEE","var":"执行者"},"6293526":{"id":"6293526","label":"类别","properties":{"noLabel":"false","required":"false"},"type":"CATEGORY","var":"类别"},"6293573":{"id":"6293573","label":"①   触发事件","properties":{"defaultValue":"6293528","noLabel":"false","options":[{"id":"6293528","label":"\"app.record.detail\"","valid":true},{"id":"6293527","label":"\"app.record.detail.process.proceed\"","valid":true},{"id":"6293529","label":"\"app.record.edit.submit.success\"","valid":true},{"id":"6293530","label":"\"app.record.edit.submit\"","valid":true}],"required":"true"},"type":"SINGLE_CHECK","var":"a_1"},"6293574":{"id":"6293574","label":"③ 申请年假的用户id","properties":{"defaultValue":"6293533","noLabel":"false","options":[{"id":"6293533","label":"approveApp.yearField","valid":true},{"id":"6293531","label":"approveApp.userIdField","valid":true},{"id":"6293532","label":"approveApp.daysField","valid":true},{"id":"6293534","label":"userId","valid":true}],"required":"true"},"type":"SINGLE_CHECK","var":"a_3"},"6293575":{"id":"6293575","label":"④ 获取年假申请天数，并且转换成数字","properties":{"defaultValue":"6293535","noLabel":"false","options":[{"id":"6293535","label":"approveApp.daysField","valid":true},{"id":"6293536","label":"daysField.value","valid":true},{"id":"6293537","label":"Number(record[approveApp.daysField].value)","valid":true},{"id":"6293538","label":"days","valid":true}],"required":"true"},"type":"SINGLE_CHECK","var":"a_4"},"6293576":{"id":"6293576","label":"⑤ 设置查询年假管理应用的条件","properties":{"defaultValue":"6293541","noLabel":"false","options":[{"id":"6293541","label":"${manageApp.daysField}","valid":true},{"id":"6293539","label":"${manageApp.yearField}","valid":true},{"id":"6293540","label":"${approveApp.yearField}","valid":true},{"id":"6293542","label":"${approveApp.daysField}","valid":true}],"required":"true"},"type":"SINGLE_CHECK","var":"a_5"},"6293577":{"id":"6293577","label":"⑥ 获取该用户的剩余年假信息","properties":{"defaultValue":"6293544","noLabel":"false","options":[{"id":"6293544","label":"/k/v1/record","valid":true},{"id":"6293543","label":"/k/v1/records","valid":true},{"id":"6293545","label":"/k/v1/apps","valid":true},{"id":"6293546","label":"/k/v1/app/actions","valid":true}],"required":"true"},"type":"SINGLE_CHECK","var":"a_6"},"6293578":{"id":"6293578","label":"⑦ 如果没有记录，则给出提示。","properties":{"defaultValue":"6293549","noLabel":"false","options":[{"id":"6293549","label":"\"更新年假信息成功\"","valid":true},{"id":"6293547","label":"\"该用户剩余年假为0\"","valid":true},{"id":"6293550","label":"\"成功登记年假信息\"","valid":true},{"id":"6293548","label":"\"该用户还未登记年假信息\"","valid":true}],"required":"true"},"type":"SINGLE_CHECK","var":"a_7"},"6293580":{"id":"6293580","label":"⑧ 如果剩余年假小于申请的年假数，则提示年假不足","properties":{"defaultValue":"6293556","noLabel":"false","options":[{"id":"6293556","label":"\u003E","valid":true},{"id":"6293557","label":"\u003C","valid":true},{"id":"6293558","label":"=","valid":true},{"id":"6293559","label":"\u003E=","valid":true}],"required":"true"},"type":"SINGLE_CHECK","var":"a_8"},"6293581":{"id":"6293581","label":"⑨ 计算新的剩余年假","properties":{"defaultValue":"6293561","noLabel":"false","options":[{"id":"6293561","label":"days","valid":true},{"id":"6293560","label":"manageLeftDays - days","valid":true},{"id":"6293562","label":"manageLeftDays","valid":true},{"id":"6293563","label":"manageLeftDays \u002B days","valid":true}],"required":"true"},"type":"SINGLE_CHECK","var":"a_9"},"6293589":{"id":"6293589","label":"②  判断是否为批准动作","properties":{"defaultValue":"6293584","noLabel":"false","options":[{"id":"6293584","label":"rejectedAction","valid":true},{"id":"6293587","label":"successAction","valid":true},{"id":"6293588","label":"failedAction","valid":true},{"id":"6293583","label":"approvedAction","valid":true}],"required":"true"},"type":"SINGLE_CHECK","var":"a_2"},"6293593":{"id":"6293593","label":"用户名","properties":{"defaultValue":"","expression":"","hideExpression":"false","max":null,"min":null,"noLabel":"false","required":"false","unique":"false"},"type":"SINGLE_LINE_TEXT","var":"user"},"6293637":{"id":"6293637","label":"⑩ 通过记录id来更新年假管理应用","properties":{"defaultValue":"6293632","noLabel":"false","options":[{"id":"6293632","label":"GET","valid":true},{"id":"6293633","label":"PUT","valid":true},{"id":"6293634","label":"DELETE","valid":true},{"id":"6293635","label":"POST","valid":true}],"required":"true"},"type":"SINGLE_CHECK","var":"a_10"}},"id":"1","label":"__ROOT__","properties":null,"var":"__ROOT__"}},"settingsNotesForm":{"content":null,"willBeInherited":null},"status":{"actions":[],"filters":[],"initialStateId":null,"states":[],"useStatus":"false"},"uuid":"e77faa39-be23-4c7c-a4e4-34542d24680b","views":[{"advancedMode":null,"builtinType":"ALL","device":null,"fields":[{"row":[{"columnWidth":null,"id":"6293519"},{"columnWidth":null,"id":"6293573"},{"columnWidth":null,"id":"6293574"},{"columnWidth":null,"id":"6293575"},{"columnWidth":null,"id":"6293576"},{"columnWidth":null,"id":"6293577"},{"columnWidth":null,"id":"6293578"},{"columnWidth":null,"id":"6293580"},{"columnWidth":null,"id":"6293581"},{"columnWidth":null,"id":"6293589"},{"columnWidth":null,"id":"6293593"},{"columnWidth":null,"id":"6293637"}]}],"filter":{"category":null,"offset":null,"order":[],"q":null,"size":null,"sort":[]},"html":null,"keyFieldId":null,"name":"（全部）","pager":null,"revision":null,"titleFieldId":null,"view":"20","viewType":"LIST"}]},{"acl":{"app":[],"field":[],"record":[]},"app":null,"category":{"categories":[],"useCategory":"false"},"form":{"layout":"[{\"id\":null,\"type\":\"ROW\",\"isSubTable\":false,\"var\":null,\"label\":null,\"controlList\":[{\"isVirtical\":true,\"styleMap\":{\"width\":193},\"type\":\"SINGLE_LINE_TEXT\",\"var\":\"user\",\"label\":\"用户名\"},{\"isVirtical\":true,\"styleMap\":{\"width\":193},\"type\":\"SINGLE_LINE_TEXT\",\"var\":\"spaceId\",\"label\":\"空间id\"}]},{\"id\":null,\"type\":\"ROW\",\"isSubTable\":false,\"var\":null,\"label\":null,\"controlList\":[{\"styleMap\":{\"width\":571},\"type\":\"HR\"}]},{\"id\":null,\"type\":\"ROW\",\"isSubTable\":false,\"var\":null,\"label\":null,\"controlList\":[{\"isVirtical\":true,\"styleMap\":{\"width\":193},\"type\":\"SINGLE_LINE_TEXT\",\"var\":\"a_1\",\"label\":\"1\"},{\"isVirtical\":true,\"styleMap\":{\"width\":193},\"type\":\"SINGLE_LINE_TEXT\",\"var\":\"a_2\",\"label\":\"2\"}]},{\"id\":null,\"type\":\"ROW\",\"isSubTable\":false,\"var\":null,\"label\":null,\"controlList\":[{\"isVirtical\":true,\"styleMap\":{\"width\":193},\"type\":\"SINGLE_LINE_TEXT\",\"var\":\"a_3\",\"label\":\"3\"},{\"isVirtical\":true,\"styleMap\":{\"width\":193},\"type\":\"SINGLE_LINE_TEXT\",\"var\":\"a_4\",\"label\":\"4\"}]},{\"id\":null,\"type\":\"ROW\",\"isSubTable\":false,\"var\":null,\"label\":null,\"controlList\":[{\"isVirtical\":true,\"styleMap\":{\"width\":193},\"type\":\"SINGLE_LINE_TEXT\",\"var\":\"a_5\",\"label\":\"5\"},{\"isVirtical\":true,\"styleMap\":{\"width\":193},\"type\":\"SINGLE_LINE_TEXT\",\"var\":\"a_6\",\"label\":\"6\"}]},{\"id\":null,\"type\":\"ROW\",\"isSubTable\":false,\"var\":null,\"label\":null,\"controlList\":[{\"isVirtical\":true,\"styleMap\":{\"width\":193},\"type\":\"SINGLE_LINE_TEXT\",\"var\":\"a_7\",\"label\":\"7\"},{\"isVirtical\":true,\"styleMap\":{\"width\":193},\"type\":\"SINGLE_LINE_TEXT\",\"var\":\"a_8\",\"label\":\"8\"}]},{\"id\":null,\"type\":\"ROW\",\"isSubTable\":false,\"var\":null,\"label\":null,\"controlList\":[{\"isVirtical\":true,\"styleMap\":{\"width\":193},\"type\":\"SINGLE_LINE_TEXT\",\"var\":\"a_9\",\"label\":\"9\"},{\"isVirtical\":true,\"styleMap\":{\"width\":193},\"type\":\"SINGLE_LINE_TEXT\",\"var\":\"a_10\",\"label\":\"10\"}]},{\"id\":null,\"type\":\"ROW\",\"isSubTable\":false,\"var\":null,\"label\":null,\"controlList\":[{\"styleMap\":{\"width\":571},\"type\":\"HR\"}]},{\"id\":null,\"type\":\"ROW\",\"isSubTable\":false,\"var\":null,\"label\":null,\"controlList\":[{\"isVirtical\":true,\"styleMap\":{\"width\":193},\"type\":\"SINGLE_LINE_TEXT\",\"var\":\"score\",\"label\":\"评分\"}]}]","revision":null},"iconMeta":null,"info":{"automaticallyChooseTitleComponent":"true","code":null,"decimalPrecision":"16","decimalScale":"4","description":"\u003Cdiv\u003E\u003Cbr /\u003E\u003C/div\u003E","enableBulkDeletion":"false","enableRecordReuse":"true","fiscalYearStartMonth":"4","iconKey":"APP39","iconType":"PRESET","jsFiles":null,"jsScope":"ALL","name":"2022-11-18 答题统计","roundingMode":"HALF_EVEN","theme":"PLAIN","titleComponentLocalId":null,"useComment":"true","useHistory":"true","useThumbnail":"true"},"jsFiles":[{"jsFileMetas":[{"internalName":null,"locationType":"BLOB","mime":"text/javascript","name":"score.js","url":null}],"jsType":"DESKTOP"}],"notification":{"appNotifications":[{"events":["RECORD_COMMENT_ADDED"],"target":{"entityId":"6293596","entityType":"FIELD_ENTITY","includeSubs":"false"}},{"events":["RECORD_COMMENT_ADDED"],"target":{"entityId":"6293597","entityType":"FIELD_ENTITY","includeSubs":"false"}}],"recordNotifications":[],"reminderTimezone":null,"reminders":[],"useComment":"true","useReminder":"false"},"plugins":[],"reports":[{"advancedMode":"false","filter":{"category":null,"offset":null,"order":[],"q":null,"size":null,"sort":[]},"isAborted":null,"name":"成绩统计","processType":null,"report":"6293631","reportType":"SUBTOTAL","revision":null,"settings":"{\"groups\":[{\"id\":\"6293623\",\"op\":null}],\"summaries\":[{\"op\":\"COUNT\",\"id\":null}],\"chartType\":\"column\",\"stackType\":\"clustered\",\"sort\":[\"s0\"],\"order\":[\"DESC\"]}","tallyPeriod":null,"tallyStartDateTime":null}],"resource":{"tables":[{"rows":[{"fields":[],"objectId":"0","subObjectId":"-1"}],"type":"AppName"},{"rows":[{"fields":[],"objectId":"0","subObjectId":"-1"}],"type":"AppDescription"},{"rows":[{"fields":[],"objectId":"6293595","subObjectId":"-1"},{"fields":[],"objectId":"6293596","subObjectId":"-1"},{"fields":[],"objectId":"6293597","subObjectId":"-1"},{"fields":[],"objectId":"6293598","subObjectId":"-1"},{"fields":[],"objectId":"6293599","subObjectId":"-1"},{"fields":[],"objectId":"6293600","subObjectId":"-1"},{"fields":[],"objectId":"6293601","subObjectId":"-1"},{"fields":[],"objectId":"6293602","subObjectId":"-1"},{"fields":[],"objectId":"6293613","subObjectId":"-1"},{"fields":[],"objectId":"6293614","subObjectId":"-1"},{"fields":[],"objectId":"6293615","subObjectId":"-1"},{"fields":[],"objectId":"6293616","subObjectId":"-1"},{"fields":[],"objectId":"6293617","subObjectId":"-1"},{"fields":[],"objectId":"6293618","subObjectId":"-1"},{"fields":[],"objectId":"6293619","subObjectId":"-1"},{"fields":[],"objectId":"6293620","subObjectId":"-1"},{"fields":[],"objectId":"6293621","subObjectId":"-1"},{"fields":[],"objectId":"6293622","subObjectId":"-1"},{"fields":[],"objectId":"6293623","subObjectId":"-1"},{"fields":[],"objectId":"6293627","subObjectId":"-1"},{"fields":[],"objectId":"6293644","subObjectId":"-1"}],"type":"FieldLabel"},{"rows":[{"fields":[],"objectId":"20","subObjectId":"-1"}],"type":"ViewName"},{"rows":[{"fields":[],"objectId":"6293631","subObjectId":"-1"}],"type":"ReportName"}]},"schema":{"groups":[],"revision":null,"subTable":{},"table":{"fieldList":{"6293595":{"id":"6293595","label":"记录编号","properties":{"noLabel":"false","required":"true"},"type":"RECORD_ID","var":"记录编号"},"6293596":{"id":"6293596","label":"更新人","properties":{"noLabel":"false","required":"true"},"type":"MODIFIER","var":"更新人"},"6293597":{"id":"6293597","label":"创建人","properties":{"noLabel":"false","required":"true"},"type":"CREATOR","var":"创建人"},"6293598":{"id":"6293598","label":"更新时间","properties":{"noLabel":"false","required":"true"},"type":"MODIFIED_AT","var":"更新时间"},"6293599":{"id":"6293599","label":"创建时间","properties":{"noLabel":"false","required":"true"},"type":"CREATED_AT","var":"创建时间"},"6293600":{"id":"6293600","label":"状态","properties":{"noLabel":"false","required":"false"},"type":"STATUS","var":"状态"},"6293601":{"id":"6293601","label":"执行者","properties":{"noLabel":"false","required":"false"},"type":"STATUS_ASSIGNEE","var":"执行者"},"6293602":{"id":"6293602","label":"类别","properties":{"noLabel":"false","required":"false"},"type":"CATEGORY","var":"类别"},"6293613":{"id":"6293613","label":"用户名","properties":{"defaultValue":"","expression":"","hideExpression":"false","max":null,"min":null,"noLabel":"false","required":"false","unique":"false"},"type":"SINGLE_LINE_TEXT","var":"user"},"6293614":{"id":"6293614","label":"1","properties":{"defaultValue":"","expression":"","hideExpression":"false","max":null,"min":null,"noLabel":"false","required":"false","unique":"false"},"type":"SINGLE_LINE_TEXT","var":"a_1"},"6293615":{"id":"6293615","label":"2","properties":{"defaultValue":"","expression":"","hideExpression":"false","max":null,"min":null,"noLabel":"false","required":"false","unique":"false"},"type":"SINGLE_LINE_TEXT","var":"a_2"},"6293616":{"id":"6293616","label":"3","properties":{"defaultValue":"","expression":"","hideExpression":"false","max":null,"min":null,"noLabel":"false","required":"false","unique":"false"},"type":"SINGLE_LINE_TEXT","var":"a_3"},"6293617":{"id":"6293617","label":"4","properties":{"defaultValue":"","expression":"","hideExpression":"false","max":null,"min":null,"noLabel":"false","required":"false","unique":"false"},"type":"SINGLE_LINE_TEXT","var":"a_4"},"6293618":{"id":"6293618","label":"5","properties":{"defaultValue":"","expression":"","hideExpression":"false","max":null,"min":null,"noLabel":"false","required":"false","unique":"false"},"type":"SINGLE_LINE_TEXT","var":"a_5"},"6293619":{"id":"6293619","label":"6","properties":{"defaultValue":"","expression":"","hideExpression":"false","max":null,"min":null,"noLabel":"false","required":"false","unique":"false"},"type":"SINGLE_LINE_TEXT","var":"a_6"},"6293620":{"id":"6293620","label":"7","properties":{"defaultValue":"","expression":"","hideExpression":"false","max":null,"min":null,"noLabel":"false","required":"false","unique":"false"},"type":"SINGLE_LINE_TEXT","var":"a_7"},"6293621":{"id":"6293621","label":"8","properties":{"defaultValue":"","expression":"","hideExpression":"false","max":null,"min":null,"noLabel":"false","required":"false","unique":"false"},"type":"SINGLE_LINE_TEXT","var":"a_8"},"6293622":{"id":"6293622","label":"9","properties":{"defaultValue":"","expression":"","hideExpression":"false","max":null,"min":null,"noLabel":"false","required":"false","unique":"false"},"type":"SINGLE_LINE_TEXT","var":"a_9"},"6293623":{"id":"6293623","label":"评分","properties":{"defaultValue":"","expression":"","hideExpression":"false","max":null,"min":null,"noLabel":"false","required":"false","unique":"false"},"type":"SINGLE_LINE_TEXT","var":"score"},"6293627":{"id":"6293627","label":"空间id","properties":{"defaultValue":"","expression":"","hideExpression":"false","max":"64","min":null,"noLabel":"false","required":"true","unique":"true"},"type":"SINGLE_LINE_TEXT","var":"spaceId"},"6293644":{"id":"6293644","label":"10","properties":{"defaultValue":"","expression":"","hideExpression":"false","max":null,"min":null,"noLabel":"false","required":"false","unique":"false"},"type":"SINGLE_LINE_TEXT","var":"a_10"}},"id":"1","label":"__ROOT__","properties":null,"var":"__ROOT__"}},"settingsNotesForm":{"content":null,"willBeInherited":null},"status":{"actions":[],"filters":[],"initialStateId":null,"states":[],"useStatus":"false"},"uuid":"b78aacac-012c-422f-b6f8-5932a2118270","views":[{"advancedMode":null,"builtinType":"ALL","device":null,"fields":[{"row":[{"columnWidth":null,"id":"6293595"},{"columnWidth":null,"id":"6293613"},{"columnWidth":null,"id":"6293614"},{"columnWidth":null,"id":"6293615"},{"columnWidth":null,"id":"6293616"},{"columnWidth":null,"id":"6293617"},{"columnWidth":null,"id":"6293618"},{"columnWidth":null,"id":"6293619"},{"columnWidth":null,"id":"6293620"},{"columnWidth":null,"id":"6293621"},{"columnWidth":null,"id":"6293622"},{"columnWidth":null,"id":"6293623"},{"columnWidth":null,"id":"6293627"},{"columnWidth":null,"id":"6293644"}]}],"filter":{"category":null,"offset":null,"order":[],"q":null,"size":null,"sort":[]},"html":null,"keyFieldId":null,"name":"（全部）","pager":null,"revision":null,"titleFieldId":null,"view":"20","viewType":"LIST"}]}],"description":"","iconKey":"APP39","iconMeta":null,"iconSrcAppId":"e77faa39-be23-4c7c-a4e4-34542d24680b","iconType":"PRESET","imagesMeta":[],"lookups":[],"name":"答题统计","references":[],"version":"39"}