{"actions":[],"apps":[{"acl":{"app":[],"field":[],"record":[]},"app":null,"category":{"categories":[],"useCategory":"false"},"form":{"layout":"[{\"id\":null,\"type\":\"ROW\",\"isSubTable\":false,\"var\":null,\"label\":null,\"controlList\":[{\"isVirtical\":true,\"styleMap\":{\"width\":1010},\"type\":\"SINGLE_CHECK\",\"var\":\"单选框\",\"label\":\"①   触发事件\",\"align\":\"horizontal\"}]},{\"id\":null,\"type\":\"ROW\",\"isSubTable\":false,\"var\":null,\"label\":null,\"controlList\":[{\"isVirtical\":true,\"styleMap\":{\"width\":1010},\"type\":\"SINGLE_CHECK\",\"var\":\"单选框_8\",\"label\":\"②  判断是否为批准动作\",\"align\":\"horizontal\"}]},{\"id\":null,\"type\":\"ROW\",\"isSubTable\":false,\"var\":null,\"label\":null,\"controlList\":[{\"isVirtical\":true,\"styleMap\":{\"width\":1010},\"type\":\"SINGLE_CHECK\",\"var\":\"单选框_0\",\"label\":\"③ 申请年假的用户id\",\"align\":\"horizontal\"}]},{\"id\":null,\"type\":\"ROW\",\"isSubTable\":false,\"var\":null,\"label\":null,\"controlList\":[{\"isVirtical\":true,\"styleMap\":{\"width\":1010},\"type\":\"SINGLE_CHECK\",\"var\":\"单选框_1\",\"label\":\"④ 获取年假申请天数，并且转换成数字\",\"align\":\"horizontal\"}]},{\"id\":null,\"type\":\"ROW\",\"isSubTable\":false,\"var\":null,\"label\":null,\"controlList\":[{\"isVirtical\":true,\"styleMap\":{\"width\":1010},\"type\":\"SINGLE_CHECK\",\"var\":\"单选框_2\",\"label\":\"⑤ 设置查询年假管理应用的条件\",\"align\":\"horizontal\"}]},{\"id\":null,\"type\":\"ROW\",\"isSubTable\":false,\"var\":null,\"label\":null,\"controlList\":[{\"isVirtical\":true,\"styleMap\":{\"width\":1010},\"type\":\"SINGLE_CHECK\",\"var\":\"单选框_3\",\"label\":\"⑥ 获取该用户的剩余年假信息\",\"align\":\"horizontal\"}]},{\"id\":null,\"type\":\"ROW\",\"isSubTable\":false,\"var\":null,\"label\":null,\"controlList\":[{\"isVirtical\":true,\"styleMap\":{\"width\":1010},\"type\":\"SINGLE_CHECK\",\"var\":\"单选框_4\",\"label\":\"⑦ 如果没有记录，则给出提示。\",\"align\":\"horizontal\"}]},{\"id\":null,\"type\":\"ROW\",\"isSubTable\":false,\"var\":null,\"label\":null,\"controlList\":[{\"isVirtical\":true,\"styleMap\":{\"width\":1103},\"type\":\"SINGLE_CHECK\",\"var\":\"单选框_6\",\"label\":\"⑧ 如果剩余年假小于申请的年假数，则提示年假不足\",\"align\":\"horizontal\"}]},{\"id\":null,\"type\":\"ROW\",\"isSubTable\":false,\"var\":null,\"label\":null,\"controlList\":[{\"isVirtical\":true,\"styleMap\":{\"width\":1103},\"type\":\"SINGLE_CHECK\",\"var\":\"单选框_7\",\"label\":\"⑨ 计算新的剩余年假\",\"align\":\"horizontal\"}]}]","revision":null},"iconMeta":null,"info":{"automaticallyChooseTitleComponent":"true","code":null,"decimalPrecision":"16","decimalScale":"4","description":"\u003Cdiv\u003E\u003Cbr /\u003E\u003C/div\u003E","enableBulkDeletion":"false","enableRecordReuse":"true","fiscalYearStartMonth":"4","iconKey":"APP39","iconType":"PRESET","jsFiles":null,"jsScope":"ALL","name":"（开发挑战）选择题","roundingMode":"HALF_EVEN","theme":"PLAIN","titleComponentLocalId":null,"useComment":"true","useHistory":"true","useThumbnail":"true"},"jsFiles":[],"notification":{"appNotifications":[{"events":["RECORD_COMMENT_ADDED"],"target":{"entityId":"6293520","entityType":"FIELD_ENTITY","includeSubs":"false"}},{"events":["RECORD_COMMENT_ADDED"],"target":{"entityId":"6293521","entityType":"FIELD_ENTITY","includeSubs":"false"}}],"recordNotifications":[],"reminderTimezone":null,"reminders":[],"useComment":"true","useReminder":"false"},"plugins":[],"reports":[],"resource":{"tables":[{"rows":[{"fields":[],"objectId":"0","subObjectId":"-1"}],"type":"AppName"},{"rows":[{"fields":[],"objectId":"0","subObjectId":"-1"}],"type":"AppDescription"},{"rows":[{"fields":[],"objectId":"6293519","subObjectId":"-1"},{"fields":[],"objectId":"6293520","subObjectId":"-1"},{"fields":[],"objectId":"6293521","subObjectId":"-1"},{"fields":[],"objectId":"6293522","subObjectId":"-1"},{"fields":[],"objectId":"6293523","subObjectId":"-1"},{"fields":[],"objectId":"6293524","subObjectId":"-1"},{"fields":[],"objectId":"6293525","subObjectId":"-1"},{"fields":[],"objectId":"6293526","subObjectId":"-1"},{"fields":[],"objectId":"6293573","subObjectId":"-1"},{"fields":[],"objectId":"6293573","subObjectId":"6293528"},{"fields":[],"objectId":"6293573","subObjectId":"6293527"},{"fields":[],"objectId":"6293573","subObjectId":"6293529"},{"fields":[],"objectId":"6293573","subObjectId":"6293530"},{"fields":[],"objectId":"6293574","subObjectId":"-1"},{"fields":[],"objectId":"6293574","subObjectId":"6293533"},{"fields":[],"objectId":"6293574","subObjectId":"6293531"},{"fields":[],"objectId":"6293574","subObjectId":"6293532"},{"fields":[],"objectId":"6293574","subObjectId":"6293534"},{"fields":[],"objectId":"6293575","subObjectId":"-1"},{"fields":[],"objectId":"6293575","subObjectId":"6293535"},{"fields":[],"objectId":"6293575","subObjectId":"6293536"},{"fields":[],"objectId":"6293575","subObjectId":"6293537"},{"fields":[],"objectId":"6293575","subObjectId":"6293538"},{"fields":[],"objectId":"6293576","subObjectId":"-1"},{"fields":[],"objectId":"6293576","subObjectId":"6293541"},{"fields":[],"objectId":"6293576","subObjectId":"6293539"},{"fields":[],"objectId":"6293576","subObjectId":"6293540"},{"fields":[],"objectId":"6293576","subObjectId":"6293542"},{"fields":[],"objectId":"6293577","subObjectId":"-1"},{"fields":[],"objectId":"6293577","subObjectId":"6293543"},{"fields":[],"objectId":"6293577","subObjectId":"6293544"},{"fields":[],"objectId":"6293577","subObjectId":"6293545"},{"fields":[],"objectId":"6293577","subObjectId":"6293546"},{"fields":[],"objectId":"6293578","subObjectId":"-1"},{"fields":[],"objectId":"6293578","subObjectId":"6293549"},{"fields":[],"objectId":"6293578","subObjectId":"6293547"},{"fields":[],"objectId":"6293578","subObjectId":"6293550"},{"fields":[],"objectId":"6293578","subObjectId":"6293548"},{"fields":[],"objectId":"6293580","subObjectId":"-1"},{"fields":[],"objectId":"6293580","subObjectId":"6293556"},{"fields":[],"objectId":"6293580","subObjectId":"6293557"},{"fields":[],"objectId":"6293580","subObjectId":"6293558"},{"fields":[],"objectId":"6293580","subObjectId":"6293559"},{"fields":[],"objectId":"6293581","subObjectId":"-1"},{"fields":[],"objectId":"6293581","subObjectId":"6293561"},{"fields":[],"objectId":"6293581","subObjectId":"6293560"},{"fields":[],"objectId":"6293581","subObjectId":"6293562"},{"fields":[],"objectId":"6293581","subObjectId":"6293563"},{"fields":[],"objectId":"6293589","subObjectId":"-1"},{"fields":[],"objectId":"6293589","subObjectId":"6293583"},{"fields":[],"objectId":"6293589","subObjectId":"6293584"},{"fields":[],"objectId":"6293589","subObjectId":"6293587"},{"fields":[],"objectId":"6293589","subObjectId":"6293588"}],"type":"FieldLabel"},{"rows":[{"fields":[],"objectId":"20","subObjectId":"-1"}],"type":"ViewName"}]},"schema":{"groups":[],"revision":null,"subTable":{},"table":{"fieldList":{"6293519":{"id":"6293519","label":"记录编号","properties":{"noLabel":"false","required":"true"},"type":"RECORD_ID","var":"记录编号"},"6293520":{"id":"6293520","label":"更新人","properties":{"noLabel":"false","required":"true"},"type":"MODIFIER","var":"更新人"},"6293521":{"id":"6293521","label":"创建人","properties":{"noLabel":"false","required":"true"},"type":"CREATOR","var":"创建人"},"6293522":{"id":"6293522","label":"更新时间","properties":{"noLabel":"false","required":"true"},"type":"MODIFIED_AT","var":"更新时间"},"6293523":{"id":"6293523","label":"创建时间","properties":{"noLabel":"false","required":"true"},"type":"CREATED_AT","var":"创建时间"},"6293524":{"id":"6293524","label":"状态","properties":{"noLabel":"false","required":"false"},"type":"STATUS","var":"状态"},"6293525":{"id":"6293525","label":"执行者","properties":{"noLabel":"false","required":"false"},"type":"STATUS_ASSIGNEE","var":"执行者"},"6293526":{"id":"6293526","label":"类别","properties":{"noLabel":"false","required":"false"},"type":"CATEGORY","var":"类别"},"6293573":{"id":"6293573","label":"①   触发事件","properties":{"defaultValue":"6293528","noLabel":"false","options":[{"id":"6293528","label":"\"app.record.detail\"","valid":true},{"id":"6293527","label":"\"app.record.detail.process.proceed\"","valid":true},{"id":"6293529","label":"\"app.record.edit.submit.success\"","valid":true},{"id":"6293530","label":"\"app.record.edit.submit\"","valid":true}],"required":"true"},"type":"SINGLE_CHECK","var":"单选框"},"6293574":{"id":"6293574","label":"③ 申请年假的用户id","properties":{"defaultValue":"6293533","noLabel":"false","options":[{"id":"6293533","label":"approveApp.yearField","valid":true},{"id":"6293531","label":"approveApp.userIdField","valid":true},{"id":"6293532","label":"approveApp.daysField","valid":true},{"id":"6293534","label":"userId","valid":true}],"required":"true"},"type":"SINGLE_CHECK","var":"单选框_0"},"6293575":{"id":"6293575","label":"④ 获取年假申请天数，并且转换成数字","properties":{"defaultValue":"6293535","noLabel":"false","options":[{"id":"6293535","label":"approveApp.daysField","valid":true},{"id":"6293536","label":"daysField.value","valid":true},{"id":"6293537","label":"Number(record[approveApp.daysField].value)","valid":true},{"id":"6293538","label":"days","valid":true}],"required":"true"},"type":"SINGLE_CHECK","var":"单选框_1"},"6293576":{"id":"6293576","label":"⑤ 设置查询年假管理应用的条件","properties":{"defaultValue":"6293541","noLabel":"false","options":[{"id":"6293541","label":"${manageApp.daysField}","valid":true},{"id":"6293539","label":"${manageApp.yearField}","valid":true},{"id":"6293540","label":"${approveApp.yearField}","valid":true},{"id":"6293542","label":"${approveApp.daysField}","valid":true}],"required":"true"},"type":"SINGLE_CHECK","var":"单选框_2"},"6293577":{"id":"6293577","label":"⑥ 获取该用户的剩余年假信息","properties":{"defaultValue":"6293543","noLabel":"false","options":[{"id":"6293543","label":"/k/v1/records","valid":true},{"id":"6293544","label":"/k/v1/record","valid":true},{"id":"6293545","label":"/k/v1/apps","valid":true},{"id":"6293546","label":"/k/v1/app/actions","valid":true}],"required":"true"},"type":"SINGLE_CHECK","var":"单选框_3"},"6293578":{"id":"6293578","label":"⑦ 如果没有记录，则给出提示。","properties":{"defaultValue":"6293549","noLabel":"false","options":[{"id":"6293549","label":"\"更新年假信息成功\"","valid":true},{"id":"6293547","label":"\"该用户剩余年假为0\"","valid":true},{"id":"6293550","label":"\"成功登记年假信息\"","valid":true},{"id":"6293548","label":"\"该用户还未登记年假信息\"","valid":true}],"required":"true"},"type":"SINGLE_CHECK","var":"单选框_4"},"6293580":{"id":"6293580","label":"⑧ 如果剩余年假小于申请的年假数，则提示年假不足","properties":{"defaultValue":"6293556","noLabel":"false","options":[{"id":"6293556","label":"\u003E","valid":true},{"id":"6293557","label":"\u003C","valid":true},{"id":"6293558","label":"=","valid":true},{"id":"6293559","label":"\u003E=","valid":true}],"required":"true"},"type":"SINGLE_CHECK","var":"单选框_6"},"6293581":{"id":"6293581","label":"⑨ 计算新的剩余年假","properties":{"defaultValue":"6293561","noLabel":"false","options":[{"id":"6293561","label":"leftDays","valid":true},{"id":"6293560","label":"manageLeftDays - leftDays","valid":true},{"id":"6293562","label":"manageLeftDays","valid":true},{"id":"6293563","label":"manageLeftDays \u002B leftDays","valid":true}],"required":"true"},"type":"SINGLE_CHECK","var":"单选框_7"},"6293589":{"id":"6293589","label":"②  判断是否为批准动作","properties":{"defaultValue":"6293583","noLabel":"false","options":[{"id":"6293583","label":"approvedAction","valid":true},{"id":"6293584","label":"rejectedAction","valid":true},{"id":"6293587","label":"successAction","valid":true},{"id":"6293588","label":"failedAction","valid":true}],"required":"true"},"type":"SINGLE_CHECK","var":"单选框_8"}},"id":"1","label":"__ROOT__","properties":null,"var":"__ROOT__"}},"settingsNotesForm":{"content":null,"willBeInherited":null},"status":{"actions":[],"filters":[],"initialStateId":null,"states":[],"useStatus":"false"},"uuid":"ef1ee1a5-5151-4373-9a8e-9af1c6cb80e2","views":[{"advancedMode":null,"builtinType":"ALL","device":null,"fields":[{"row":[{"columnWidth":null,"id":"6293519"},{"columnWidth":null,"id":"6293573"},{"columnWidth":null,"id":"6293574"},{"columnWidth":null,"id":"6293575"},{"columnWidth":null,"id":"6293576"},{"columnWidth":null,"id":"6293577"},{"columnWidth":null,"id":"6293578"},{"columnWidth":null,"id":"6293580"},{"columnWidth":null,"id":"6293581"},{"columnWidth":null,"id":"6293589"}]}],"filter":{"category":null,"offset":null,"order":[],"q":null,"size":null,"sort":[]},"html":null,"keyFieldId":null,"name":"（全部）","pager":null,"revision":null,"titleFieldId":null,"view":"20","viewType":"LIST"}]},{"acl":{"app":[],"field":[],"record":[]},"app":null,"category":{"categories":[],"useCategory":"false"},"form":{"layout":"[{\"id\":null,\"type\":\"ROW\",\"isSubTable\":false,\"var\":null,\"label\":null,\"controlList\":[{\"isVirtical\":true,\"styleMap\":{\"width\":344},\"type\":\"USER_SELECT\",\"var\":\"userId\",\"label\":\"选择用户\"}]},{\"id\":null,\"type\":\"ROW\",\"isSubTable\":false,\"var\":null,\"label\":null,\"controlList\":[{\"isVirtical\":true,\"styleMap\":{\"width\":117},\"type\":\"DATE\",\"var\":\"startDate\",\"label\":\"开始\"},{\"isVirtical\":true,\"styleMap\":{\"width\":117},\"type\":\"DATE\",\"var\":\"endDate\",\"label\":\"结束\"}]},{\"id\":null,\"type\":\"ROW\",\"isSubTable\":false,\"var\":null,\"label\":null,\"controlList\":[{\"isVirtical\":true,\"styleMap\":{\"width\":193},\"type\":\"CALC\",\"var\":\"days\",\"label\":\"天数\"}]}]","revision":null},"iconMeta":null,"info":{"automaticallyChooseTitleComponent":"true","code":null,"decimalPrecision":"16","decimalScale":"4","description":"\u003Cdiv\u003E\u003Cbr /\u003E\u003C/div\u003E","enableBulkDeletion":"false","enableRecordReuse":"true","fiscalYearStartMonth":"4","iconKey":"APP39","iconType":"PRESET","jsFiles":null,"jsScope":"ALL","name":"年假申请","roundingMode":"HALF_EVEN","theme":"PLAIN","titleComponentLocalId":null,"useComment":"true","useHistory":"true","useThumbnail":"true"},"jsFiles":[],"notification":{"appNotifications":[{"events":["RECORD_COMMENT_ADDED"],"target":{"entityId":"6293486","entityType":"FIELD_ENTITY","includeSubs":"false"}},{"events":["RECORD_COMMENT_ADDED"],"target":{"entityId":"6293487","entityType":"FIELD_ENTITY","includeSubs":"false"}},{"events":["RECORD_STATUS_UPDATED"],"target":{"entityId":"6293491","entityType":"FIELD_ENTITY","includeSubs":"false"}}],"recordNotifications":[],"reminderTimezone":null,"reminders":[],"useComment":"true","useReminder":"false"},"plugins":[],"reports":[],"resource":{"tables":[{"rows":[{"fields":[],"objectId":"0","subObjectId":"-1"}],"type":"AppName"},{"rows":[{"fields":[],"objectId":"0","subObjectId":"-1"}],"type":"AppDescription"},{"rows":[{"fields":[],"objectId":"6293485","subObjectId":"-1"},{"fields":[],"objectId":"6293486","subObjectId":"-1"},{"fields":[],"objectId":"6293487","subObjectId":"-1"},{"fields":[],"objectId":"6293488","subObjectId":"-1"},{"fields":[],"objectId":"6293489","subObjectId":"-1"},{"fields":[],"objectId":"6293490","subObjectId":"-1"},{"fields":[],"objectId":"6293491","subObjectId":"-1"},{"fields":[],"objectId":"6293492","subObjectId":"-1"},{"fields":[],"objectId":"6293497","subObjectId":"-1"},{"fields":[],"objectId":"6293501","subObjectId":"-1"},{"fields":[],"objectId":"6293502","subObjectId":"-1"},{"fields":[],"objectId":"6293515","subObjectId":"-1"}],"type":"FieldLabel"},{"rows":[{"fields":[],"objectId":"6293512","subObjectId":"-1"},{"fields":[],"objectId":"20","subObjectId":"-1"}],"type":"ViewName"},{"rows":[{"fields":[],"objectId":"6293503","subObjectId":"-1"},{"fields":[],"objectId":"6293504","subObjectId":"-1"},{"fields":[],"objectId":"6293505","subObjectId":"-1"},{"fields":[],"objectId":"6293513","subObjectId":"-1"}],"type":"StatusState"},{"rows":[{"fields":[],"objectId":"6293508","subObjectId":"-1"},{"fields":[],"objectId":"6293509","subObjectId":"-1"},{"fields":[],"objectId":"6293510","subObjectId":"-1"},{"fields":[],"objectId":"6293517","subObjectId":"-1"}],"type":"StatusAction"}]},"schema":{"groups":[],"revision":null,"subTable":{},"table":{"fieldList":{"6293485":{"id":"6293485","label":"记录编号","properties":{"noLabel":"false","required":"true"},"type":"RECORD_ID","var":"记录编号"},"6293486":{"id":"6293486","label":"更新人","properties":{"noLabel":"false","required":"true"},"type":"MODIFIER","var":"更新人"},"6293487":{"id":"6293487","label":"创建人","properties":{"noLabel":"false","required":"true"},"type":"CREATOR","var":"创建人"},"6293488":{"id":"6293488","label":"更新时间","properties":{"noLabel":"false","required":"true"},"type":"MODIFIED_AT","var":"更新时间"},"6293489":{"id":"6293489","label":"创建时间","properties":{"noLabel":"false","required":"true"},"type":"CREATED_AT","var":"创建时间"},"6293490":{"id":"6293490","label":"状态","properties":{"noLabel":"false","required":"false"},"type":"STATUS","var":"状态"},"6293491":{"id":"6293491","label":"执行者","properties":{"noLabel":"false","required":"false"},"type":"STATUS_ASSIGNEE","var":"执行者"},"6293492":{"id":"6293492","label":"类别","properties":{"noLabel":"false","required":"false"},"type":"CATEGORY","var":"类别"},"6293497":{"id":"6293497","label":"选择用户","properties":{"defaultEntities":[],"defaultSelect":[],"entities":[],"noLabel":"false","required":"false","select":[]},"type":"USER_SELECT","var":"userId"},"6293501":{"id":"6293501","label":"开始","properties":{"defaultExpression":"NOW","defaultValue":null,"noLabel":"false","required":"false","unique":"false"},"type":"DATE","var":"startDate"},"6293502":{"id":"6293502","label":"结束","properties":{"defaultExpression":"NOW","defaultValue":null,"noLabel":"false","required":"false","unique":"false"},"type":"DATE","var":"endDate"},"6293515":{"id":"6293515","label":"天数","properties":{"displayScale":null,"expression":"1\u002B(endDate-startDate)/86400","format":"NUMBER","hideExpression":"false","noLabel":"false","required":"false","roundingMode":null,"scale":null,"unit":"","unitPosition":"BEFORE"},"type":"CALC","var":"days"}},"id":"1","label":"__ROOT__","properties":null,"var":"__ROOT__"}},"settingsNotesForm":{"content":null,"willBeInherited":null},"status":{"actions":[{"app":null,"assignees":[],"filter":"6293506","from":"6293503","fromLabel":null,"id":"6293508","label":"开始处理","record":null,"revision":null,"to":"6293504","toApprovalType":null,"toLabel":null},{"app":null,"assignees":[],"filter":"6293507","from":"6293504","fromLabel":null,"id":"6293509","label":"批准","record":null,"revision":null,"to":"6293505","toApprovalType":null,"toLabel":null},{"app":null,"assignees":[],"filter":"6293507","from":"6293504","fromLabel":null,"id":"6293510","label":"驳回","record":null,"revision":null,"to":"6293513","toApprovalType":null,"toLabel":null},{"app":null,"assignees":[],"filter":"6293516","from":"6293513","fromLabel":null,"id":"6293517","label":"重新申请","record":null,"revision":null,"to":"6293504","toApprovalType":null,"toLabel":null}],"filters":[{"condition":"","id":"6293506","state":"6293503"},{"condition":"","id":"6293507","state":"6293504"},{"condition":"","id":"6293516","state":"6293513"}],"initialStateId":"6293503","states":[{"approvalType":"ONE","assignees":[],"id":"6293503","initial":true,"label":"未处理","valid":true},{"approvalType":"ONE","assignees":[],"id":"6293504","initial":false,"label":"处理中","valid":true},{"approvalType":"ONE","assignees":[],"id":"6293505","initial":false,"label":"已批准","valid":true},{"approvalType":"ONE","assignees":[],"id":"6293513","initial":false,"label":"已驳回","valid":true}],"useStatus":"true"},"uuid":"75aa15a7-6901-4980-95cb-d4532e1e5402","views":[{"advancedMode":"false","builtinType":"ASSIGN","device":null,"fields":[{"row":[{"columnWidth":null,"id":"6293485"},{"columnWidth":null,"id":"6293497"},{"columnWidth":null,"id":"6293501"},{"columnWidth":null,"id":"6293502"},{"columnWidth":null,"id":"6293490"},{"columnWidth":null,"id":"6293491"}]}],"filter":{"category":null,"offset":null,"order":[],"q":"f6293491 in (LOGINUSER())","size":null,"sort":[]},"html":null,"keyFieldId":null,"name":"（我的工作）","pager":null,"revision":null,"titleFieldId":null,"view":"6293512","viewType":"LIST"},{"advancedMode":null,"builtinType":"ALL","device":null,"fields":[{"row":[{"columnWidth":null,"id":"6293485"},{"columnWidth":null,"id":"6293497"},{"columnWidth":null,"id":"6293501"},{"columnWidth":null,"id":"6293502"},{"columnWidth":null,"id":"6293490"},{"columnWidth":null,"id":"6293491"},{"columnWidth":null,"id":"6293515"}]}],"filter":{"category":null,"offset":null,"order":[],"q":null,"size":null,"sort":[]},"html":null,"keyFieldId":null,"name":"（全部）","pager":null,"revision":null,"titleFieldId":null,"view":"20","viewType":"LIST"}]},{"acl":{"app":[],"field":[],"record":[]},"app":null,"category":{"categories":[],"useCategory":"false"},"form":{"layout":"[{\"id\":null,\"type\":\"ROW\",\"isSubTable\":false,\"var\":null,\"label\":null,\"controlList\":[{\"isVirtical\":true,\"styleMap\":{\"width\":344},\"type\":\"USER_SELECT\",\"var\":\"userId\",\"label\":\"用户名\"}]},{\"id\":null,\"type\":\"ROW\",\"isSubTable\":false,\"var\":null,\"label\":null,\"controlList\":[{\"isVirtical\":true,\"styleMap\":{\"width\":193},\"type\":\"SINGLE_LINE_TEXT\",\"var\":\"year\",\"label\":\"年度\"}]},{\"id\":null,\"type\":\"ROW\",\"isSubTable\":false,\"var\":null,\"label\":null,\"controlList\":[{\"isVirtical\":true,\"styleMap\":{\"width\":193},\"type\":\"DECIMAL\",\"var\":\"days\",\"label\":\"年假天数\"}]}]","revision":null},"iconMeta":null,"info":{"automaticallyChooseTitleComponent":"true","code":null,"decimalPrecision":"16","decimalScale":"4","description":"\u003Cdiv\u003E\u003Cbr /\u003E\u003C/div\u003E","enableBulkDeletion":"false","enableRecordReuse":"true","fiscalYearStartMonth":"4","iconKey":"APP39","iconType":"PRESET","jsFiles":null,"jsScope":"ALL","name":"年假管理后台","roundingMode":"HALF_EVEN","theme":"PLAIN","titleComponentLocalId":null,"useComment":"true","useHistory":"true","useThumbnail":"true"},"jsFiles":[],"notification":{"appNotifications":[{"events":["RECORD_COMMENT_ADDED"],"target":{"entityId":"6293472","entityType":"FIELD_ENTITY","includeSubs":"false"}},{"events":["RECORD_COMMENT_ADDED"],"target":{"entityId":"6293473","entityType":"FIELD_ENTITY","includeSubs":"false"}}],"recordNotifications":[],"reminderTimezone":null,"reminders":[],"useComment":"true","useReminder":"false"},"plugins":[],"reports":[],"resource":{"tables":[{"rows":[{"fields":[],"objectId":"0","subObjectId":"-1"}],"type":"AppName"},{"rows":[{"fields":[],"objectId":"0","subObjectId":"-1"}],"type":"AppDescription"},{"rows":[{"fields":[],"objectId":"6293471","subObjectId":"-1"},{"fields":[],"objectId":"6293472","subObjectId":"-1"},{"fields":[],"objectId":"6293473","subObjectId":"-1"},{"fields":[],"objectId":"6293474","subObjectId":"-1"},{"fields":[],"objectId":"6293475","subObjectId":"-1"},{"fields":[],"objectId":"6293476","subObjectId":"-1"},{"fields":[],"objectId":"6293477","subObjectId":"-1"},{"fields":[],"objectId":"6293478","subObjectId":"-1"},{"fields":[],"objectId":"6293480","subObjectId":"-1"},{"fields":[],"objectId":"6293481","subObjectId":"-1"},{"fields":[],"objectId":"6293483","subObjectId":"-1"}],"type":"FieldLabel"},{"rows":[{"fields":[],"objectId":"20","subObjectId":"-1"}],"type":"ViewName"}]},"schema":{"groups":[],"revision":null,"subTable":{},"table":{"fieldList":{"6293471":{"id":"6293471","label":"记录编号","properties":{"noLabel":"false","required":"true"},"type":"RECORD_ID","var":"记录编号"},"6293472":{"id":"6293472","label":"更新人","properties":{"noLabel":"false","required":"true"},"type":"MODIFIER","var":"更新人"},"6293473":{"id":"6293473","label":"创建人","properties":{"noLabel":"false","required":"true"},"type":"CREATOR","var":"创建人"},"6293474":{"id":"6293474","label":"更新时间","properties":{"noLabel":"false","required":"true"},"type":"MODIFIED_AT","var":"更新时间"},"6293475":{"id":"6293475","label":"创建时间","properties":{"noLabel":"false","required":"true"},"type":"CREATED_AT","var":"创建时间"},"6293476":{"id":"6293476","label":"状态","properties":{"noLabel":"false","required":"false"},"type":"STATUS","var":"状态"},"6293477":{"id":"6293477","label":"执行者","properties":{"noLabel":"false","required":"false"},"type":"STATUS_ASSIGNEE","var":"执行者"},"6293478":{"id":"6293478","label":"类别","properties":{"noLabel":"false","required":"false"},"type":"CATEGORY","var":"类别"},"6293480":{"id":"6293480","label":"年度","properties":{"defaultValue":"","expression":"","hideExpression":"false","max":null,"min":null,"noLabel":"false","required":"false","unique":"false"},"type":"SINGLE_LINE_TEXT","var":"year"},"6293481":{"id":"6293481","label":"年假天数","properties":{"defaultValue":null,"digit":"false","displayScale":null,"max":null,"min":null,"noLabel":"false","required":"false","roundingMode":null,"scale":null,"unique":"false","unit":"","unitPosition":"BEFORE"},"type":"DECIMAL","var":"days"},"6293483":{"id":"6293483","label":"用户名","properties":{"defaultEntities":[],"defaultSelect":[],"entities":[],"noLabel":"false","required":"false","select":[]},"type":"USER_SELECT","var":"userId"}},"id":"1","label":"__ROOT__","properties":null,"var":"__ROOT__"}},"settingsNotesForm":{"content":null,"willBeInherited":null},"status":{"actions":[],"filters":[],"initialStateId":null,"states":[],"useStatus":"false"},"uuid":"9339a03a-ce65-435e-92d8-b70608593b7b","views":[{"advancedMode":null,"builtinType":"ALL","device":null,"fields":[{"row":[{"columnWidth":null,"id":"6293471"},{"columnWidth":null,"id":"6293480"},{"columnWidth":null,"id":"6293481"},{"columnWidth":null,"id":"6293483"}]}],"filter":{"category":null,"offset":null,"order":[],"q":null,"size":null,"sort":[]},"html":null,"keyFieldId":null,"name":"（全部）","pager":null,"revision":null,"titleFieldId":null,"view":"20","viewType":"LIST"}]}],"description":"","iconKey":"APP39","iconMeta":null,"iconSrcAppId":"9339a03a-ce65-435e-92d8-b70608593b7b","iconType":"PRESET","imagesMeta":[],"lookups":[],"name":"（开发挑战）年假管理","references":[],"version":"39"}